headend_no,household_no,a,b,c,d,e,denominator
100264,10017,0,1,0,1,0,1
100264,100264,0,0,0,0,0,1
100264,100291,0,0,0,0,0,1
100264,10039,0,0,0,0,0,1
100264,100511,0,0,0,0,0,1
100264,10061,0,0,0,0,0,1
100264,100821,0,0,0,0,0,1
100264,10087,0,0,0,0,0,1
100264,100970,0,0,0,0,0,1
100264,100990,0,0,0,0,0,1
100264,101057,0,0,0,0,0,1
100264,101094,0,0,0,1,1,1
100264,10115,0,0,0,0,0,1
100264,101186,0,0,0,0,0,1
100264,10125,0,0,0,0,0,1
100264,101279,0,0,0,0,0,1
100264,101298,0,0,0,0,0,1
100264,101300,0,0,0,0,0,1
100264,1014,0,0,0,0,0,1
100264,101404,0,0,0,0,0,1
100264,101443,0,0,0,0,0,1
100264,101505,0,0,0,0,0,1
100264,101667,0,0,0,0,0,1
100264,10168,0,0,0,0,0,1
100264,101682,0,0,0,0,0,1
100264,101693,0,0,0,0,0,1
100264,101736,0,0,0,0,0,1
100264,1018,0,0,0,0,0,1
100264,101842,0,0,0,0,0,1
100264,10199,0,0,0,0,0,1
100264,10215,0,0,0,0,0,1
100264,102433,0,0,0,0,0,1
100264,102480,0,0,0,0,0,1
100264,102492,0,0,0,0,0,1
100264,10257,0,0,0,1,0,1
100264,10276,0,0,0,0,0,1
100264,102768,0,0,0,0,0,1
100264,102903,0,0,0,0,0,1
100264,102905,0,0,0,1,0,1
100264,102984,0,0,0,0,0,1
100264,10299,0,0,0,0,0,1
100264,10305,0,0,0,0,0,1
100264,103166,0,0,0,0,0,1
100264,103289,0,0,0,0,0,1
100264,103370,0,0,0,0,0,1
100264,10345,0,0,0,0,0,1
100264,103486,0,0,0,0,0,1
100264,103551,0,0,0,0,0,1
100264,103625,0,0,0,0,0,1
100264,103637,0,0,0,0,0,1
100264,103653,0,0,0,0,0,1
100264,103765,0,0,0,0,0,1
100264,103875,0,0,0,0,0,1
100264,103887,0,0,0,0,0,1
100264,103902,0,0,0,0,0,1
100264,103962,0,0,0,0,0,1
100264,103971,0,0,0,0,0,1
100264,104039,0,0,0,1,0,1
100264,104119,0,0,0,0,0,1
100264,104207,0,0,0,0,0,1
100264,104272,0,0,0,1,1,1
100264,104288,0,0,0,0,0,1
100264,104335,0,0,0,0,0,1
100264,104458,0,0,0,0,0,1
100264,104459,0,0,0,0,0,1
100264,104482,0,0,0,0,0,1
100264,104777,0,0,0,0,0,1
100264,104812,0,0,0,0,0,1
100264,105025,0,0,0,0,0,1
100264,10515,0,0,0,0,0,1
100264,105454,0,0,0,0,0,1
100264,105476,0,0,0,0,0,1
100264,105576,0,0,0,0,0,1
100264,105610,0,0,0,0,0,1
100264,10568,0,0,0,0,0,1
100264,105727,0,0,0,0,0,1
100264,105774,0,0,0,0,0,1
100264,105826,0,0,0,0,0,1
100264,10583,0,0,0,0,0,1
100264,10611,0,0,0,0,0,1
100264,10613,0,0,0,0,0,1
100264,10616,0,0,0,0,0,1
100264,106219,0,0,0,0,0,1
100264,106276,0,0,0,0,0,1
100264,106372,0,0,0,0,0,1
100264,106404,0,0,0,0,0,1
100264,106623,1,1,0,1,0,1
100264,106629,0,0,0,0,0,1
100264,106700,0,0,0,0,0,1
100264,106702,0,0,0,0,0,1
100264,106806,0,0,0,0,0,1
100264,106851,0,0,0,0,0,1
100264,106870,0,0,0,0,0,1
100264,106990,0,0,0,0,0,1
100264,106995,0,0,0,0,0,1
100264,106996,0,0,0,0,0,1
100264,107030,0,0,0,0,0,1
100264,107122,0,0,0,0,0,1
100264,107168,0,0,0,1,0,1
100264,1072,0,0,0,0,0,1
100264,107204,0,0,0,0,0,1
100264,107400,0,0,0,0,0,1
100264,107456,0,0,0,0,0,1
100264,107476,0,0,0,0,0,1
100264,10749,0,0,0,0,0,1
100264,107562,0,0,0,0,0,1
100264,107565,0,0,0,0,0,1
100264,10768,0,0,0,1,0,1
100264,107804,0,0,0,0,0,1
100264,107832,0,0,0,0,0,1
100264,107895,0,0,0,0,0,1
100264,107906,0,0,0,0,0,1
100264,107956,0,0,0,0,0,1
100264,108000,0,0,0,0,0,1
100264,10802,0,0,0,0,0,1
100264,108042,0,0,0,0,0,1
100264,108052,0,0,0,1,1,1
100264,108066,0,0,0,0,0,1
100264,1081,0,0,0,0,0,1
100264,108153,0,0,0,0,0,1
100264,10819,0,0,0,0,0,1
100264,108262,0,0,0,0,0,1
100264,108277,0,0,0,0,0,1
100264,108316,0,0,0,0,0,1
100264,10843,0,0,0,0,0,1
100264,108515,0,0,0,0,0,1
100264,108607,0,0,0,0,0,1
100264,108668,0,0,0,0,0,1
100264,10867,0,0,0,0,0,1
100264,108695,0,0,0,0,0,1
100264,108701,0,0,0,0,0,1
100264,108705,0,0,0,0,0,1
100264,108757,0,0,0,0,0,1
100264,108758,0,0,0,0,0,1
100264,108766,0,0,0,0,0,1
100264,108774,0,0,0,0,0,1
100264,10909,0,0,0,0,0,1
100264,109159,0,0,0,0,0,1
100264,109164,0,0,0,0,0,1
100264,109290,0,0,0,1,0,1
100264,109299,0,0,0,0,0,1
100264,109300,0,0,0,0,0,1
100264,10943,0,0,0,0,0,1
100264,109431,0,0,0,0,0,1
100264,109470,0,0,0,0,0,1
100264,109496,0,0,0,0,0,1
100264,109643,0,0,0,0,0,1
100264,109654,0,0,0,0,0,1
100264,109796,0,0,0,0,0,1
100264,109823,0,0,0,0,0,1
100264,109856,0,0,0,0,0,1
100264,10994,0,0,0,0,0,1
100264,109948,0,0,0,0,0,1
100264,110015,0,0,0,0,0,1
100264,110152,0,0,0,0,0,1
100264,11023,0,0,0,0,0,1
100264,110329,0,0,0,0,0,1
100264,11035,0,0,0,0,0,1
100264,110367,0,0,0,0,0,1
100264,1104,0,0,0,0,0,1
100264,110410,0,0,0,1,0,1
100264,110519,0,0,0,0,0,1
100264,110574,0,0,0,0,0,1
100264,110584,0,0,0,0,0,1
100264,110636,0,0,0,1,0,1
100264,110892,0,0,0,0,0,1
100264,110926,0,0,0,0,0,1
100264,110984,0,0,0,0,0,1
100264,111,0,0,0,0,0,1
100264,111007,0,0,0,0,0,1
100264,111085,0,0,0,0,0,1
100264,111145,0,0,0,0,0,1
100264,11116,0,0,0,0,0,1
100264,111252,0,0,0,0,0,1
100264,11130,0,0,0,0,0,1
100264,11142,0,0,0,0,0,1
100264,111433,0,0,0,0,0,1
100264,1115,0,0,0,0,0,1
100264,111564,0,0,0,0,0,1
100264,111654,0,0,0,0,0,1
100264,111746,0,0,0,0,0,1
100264,111790,0,0,0,0,0,1
100264,111970,0,0,0,0,0,1
100264,112000,0,0,0,0,0,1
100264,112004,0,0,0,0,0,1
100264,112013,0,0,0,0,0,1
100264,112086,0,0,0,1,0,1
100264,112135,0,0,0,0,0,1
100264,112209,0,0,0,0,0,1
100264,112228,0,0,0,0,0,1
100264,112290,0,0,0,0,0,1
100264,112328,0,0,0,0,0,1
100264,112367,0,0,0,0,0,1
100264,112444,0,0,0,0,0,1
100264,11259,0,0,0,0,0,1
100264,1128,0,0,0,0,0,1
100264,11281,0,0,0,1,0,1
100264,112951,0,0,0,0,0,1
100264,113158,0,0,0,0,0,1
100264,113240,0,0,0,0,0,1
100264,113242,0,0,0,0,0,1
100264,113347,0,0,0,1,0,1
100264,113360,0,0,0,0,0,1
100264,113435,0,0,0,0,0,1
100264,113442,0,0,0,0,0,1
100264,113499,0,0,0,0,0,1
100264,113522,0,0,0,0,0,1
100264,113641,0,0,0,0,0,1
100264,113735,0,0,0,0,0,1
100264,113862,0,0,0,1,0,1
100264,113866,0,0,0,0,0,1
100264,113953,0,0,0,0,0,1
100264,113975,0,0,0,0,0,1
100264,113978,0,0,0,0,0,1
100264,114185,0,0,0,0,0,1
100264,114253,0,0,0,0,0,1
100264,11429,0,0,0,0,0,1
100264,114302,0,0,0,0,0,1
100264,114338,0,0,0,0,0,1
100264,114390,0,0,0,0,0,1
100264,114407,0,0,0,0,0,1
100264,11442,0,0,0,0,0,1
100264,114621,0,0,0,0,0,1
100264,114777,0,0,0,0,0,1
100264,114786,0,0,0,0,0,1
100264,114870,0,0,0,0,0,1
100264,114882,0,0,0,0,0,1
100264,115038,0,0,0,0,0,1
100264,115042,0,0,0,0,0,1
100264,115043,0,0,0,0,0,1
100264,115214,0,0,0,0,0,1
100264,115221,0,0,0,0,0,1
100264,115234,0,0,0,0,0,1
100264,115295,0,0,0,0,0,1
100264,115296,0,0,0,0,0,1
100264,115301,0,0,0,0,0,1
100264,115362,0,0,0,0,0,1
100264,115707,0,0,0,0,0,1
100264,115726,0,0,0,0,0,1
100264,115732,0,0,0,0,0,1
100264,115759,0,0,0,0,0,1
100264,115779,0,0,0,0,0,1
100264,115829,0,0,0,0,0,1
100264,115834,1,1,0,1,0,1
100264,115914,0,0,0,0,0,1
100264,115978,0,0,0,0,0,1
100264,115987,0,0,0,0,0,1
100264,116004,0,0,0,0,0,1
100264,116092,0,0,0,0,0,1
100264,1161,0,0,0,0,0,1
100264,116149,0,0,0,0,0,1
100264,116247,0,0,0,0,0,1
100264,116330,0,0,0,0,0,1
100264,116400,0,0,0,0,0,1
100264,11648,0,0,0,0,0,1
100264,1165,0,0,0,0,0,1
100264,11674,0,0,0,0,0,1
100264,116744,1,1,0,1,0,1
100264,116780,0,0,0,0,0,1
100264,116788,0,0,0,0,0,1
100264,116824,0,0,0,0,0,1
100264,116825,0,0,0,0,0,1
100264,116840,0,0,0,0,0,1
100264,11709,0,0,0,0,0,1
100264,117092,0,0,0,0,0,1
100264,117135,0,0,0,0,0,1
100264,117217,0,0,0,0,0,1
100264,11740,0,0,0,0,0,1
100264,117452,0,0,0,0,0,1
100264,117592,0,0,0,0,0,1
100264,117642,0,0,0,0,0,1
100264,117700,0,0,0,0,0,1
100264,117702,0,0,0,0,0,1
100264,117703,0,0,0,0,0,1
100264,117724,0,0,0,0,0,1
100264,117820,0,0,0,0,0,1
100264,117831,0,0,0,0,0,1
100264,117841,0,0,0,0,0,1
100264,1179,0,0,0,0,0,1
100264,11790,0,0,0,0,0,1
100264,11792,0,0,0,0,0,1
100264,118036,0,0,0,0,0,1
100264,11822,0,0,0,1,0,1
100264,118248,0,0,0,0,0,1
100264,118303,0,0,0,0,0,1
100264,11845,0,0,0,0,0,1
100264,11849,0,0,0,0,0,1
100264,118497,0,0,0,0,0,1
100264,118680,0,0,0,1,0,1
100264,11869,0,0,0,0,0,1
100264,118705,0,0,0,0,0,1
100264,11877,0,0,0,0,0,1
100264,118843,0,0,0,0,0,1
100264,118932,0,0,0,0,0,1
100264,119004,0,0,0,0,0,1
100264,119009,0,0,0,0,0,1
100264,119024,1,1,0,1,1,1
100264,119056,0,0,0,0,0,1
100264,119092,0,0,0,0,0,1
100264,119123,0,0,0,0,0,1
100264,119163,0,0,0,0,0,1
100264,119189,0,0,0,0,0,1
100264,119208,0,0,0,0,0,1
100264,119213,0,0,0,0,0,1
100264,119223,0,0,0,0,0,1
100264,119247,0,0,0,0,0,1
100264,119274,0,0,0,0,0,1
100264,119303,0,0,0,1,0,1
100264,119439,0,0,0,0,0,1
100264,119497,0,0,0,0,0,1
100264,119499,0,0,0,0,0,1
100264,119519,0,0,0,0,0,1
100264,119563,0,0,0,0,0,1
100264,119567,0,0,0,1,0,1
100264,119568,0,0,0,0,0,1
100264,11958,0,0,0,0,0,1
100264,11962,0,0,0,0,0,1
100264,119622,0,0,0,0,0,1
100264,119642,0,0,0,0,0,1
100264,119679,0,0,0,0,0,1
100264,119708,0,0,0,0,0,1
100264,11979,1,1,0,1,0,1
100264,119928,0,0,0,0,0,1
100264,119954,0,0,0,0,0,1
100264,11997,0,0,0,0,0,1
100264,120004,0,0,0,0,0,1
100264,120050,0,0,0,0,0,1
100264,120085,0,0,0,0,0,1
100264,120114,0,0,0,0,0,1
100264,120167,0,0,0,0,0,1
100264,120219,0,0,0,0,0,1
100264,120283,0,0,0,0,0,1
100264,120355,0,0,0,0,0,1
100264,120404,0,0,0,0,0,1
100264,120415,0,0,0,0,0,1
100264,120472,0,0,0,0,0,1
100264,120753,0,0,0,0,0,1
100264,120766,0,0,0,0,0,1
100264,120780,0,0,0,0,0,1
100264,120823,0,0,0,0,0,1
100264,120921,0,0,0,0,0,1
100264,1210,0,0,0,0,0,1
100264,121004,0,0,0,0,0,1
100264,121064,0,0,0,0,0,1
100264,121132,0,0,0,0,0,1
100264,121202,0,0,0,0,0,1
100264,121244,0,0,0,0,0,1
100264,12132,0,0,0,0,0,1
100264,121371,0,0,0,1,0,1
100264,121379,0,0,0,0,0,1
100264,121393,0,0,0,0,0,1
100264,121496,1,1,1,1,1,1
100264,121597,0,0,0,0,0,1
100264,121615,0,0,0,0,0,1
100264,12166,0,0,0,0,0,1
100264,121832,0,0,0,0,0,1
100264,121856,0,0,0,0,0,1
100264,121862,0,0,0,0,0,1
100264,121866,0,0,0,0,0,1
100264,122104,0,0,0,0,0,1
100264,12211,0,0,0,0,0,1
100264,122135,0,0,0,0,0,1
100264,122163,0,0,0,0,0,1
100264,122186,0,0,0,0,0,1
100264,122199,0,0,0,0,0,1
100264,122205,0,0,0,0,0,1
100264,122235,0,0,0,0,0,1
100264,122335,0,0,0,0,0,1
100264,122340,0,0,0,0,0,1
100264,12235,0,0,0,0,0,1
100264,12241,0,0,0,0,0,1
100264,122412,0,0,0,0,0,1
100264,122702,0,1,0,1,1,1
100264,12283,0,0,0,0,0,1
100264,12305,0,0,0,0,0,1
100264,123064,0,0,0,0,0,1
100264,123141,0,0,0,0,0,1
100264,1232,0,0,0,0,0,1
100264,123252,0,0,0,0,0,1
100264,123317,0,0,0,0,0,1
100264,123329,0,0,0,0,0,1
100264,123490,1,0,0,1,0,1
100264,123610,0,0,0,0,0,1
100264,123613,0,0,0,0,0,1
100264,123678,0,0,0,0,0,1
100264,123772,0,0,0,0,0,1
100264,123806,0,0,0,0,0,1
100264,12397,0,0,0,0,0,1
100264,124011,0,0,0,0,0,1
100264,124020,0,0,0,0,0,1
100264,124026,1,1,0,1,1,1
100264,124029,0,0,0,0,0,1
100264,12409,0,0,0,0,0,1
100264,124134,0,0,0,0,0,1
100264,124136,0,0,0,0,0,1
100264,124226,0,0,0,0,0,1
100264,124351,0,0,0,0,0,1
100264,124352,0,0,0,0,0,1
100264,124389,0,0,0,0,0,1
100264,124406,0,0,0,0,0,1
100264,124431,0,0,0,0,0,1
100264,12451,0,1,0,1,0,1
100264,12455,0,0,0,0,0,1
100264,124552,0,0,0,0,0,1
100264,124563,0,0,0,0,0,1
100264,124699,0,0,0,0,0,1
100264,124746,0,0,0,0,0,1
100264,124813,0,0,0,0,0,1
100264,124833,0,0,0,0,0,1
100264,124905,0,0,0,0,0,1
100264,12493,0,0,0,0,0,1
100264,12508,0,0,0,0,0,1
100264,125117,0,0,0,0,0,1
100264,125160,1,1,0,1,0,1
100264,125239,0,0,0,0,0,1
100264,125524,0,0,0,0,0,1
100264,125568,0,0,0,0,0,1
100264,125577,0,0,0,0,0,1
100264,125605,0,0,0,0,0,1
100264,125680,0,0,0,0,0,1
100264,125723,0,0,0,0,0,1
100264,125760,0,0,0,0,0,1
100264,1259,0,0,0,0,0,1
100264,126038,0,0,0,0,0,1
100264,126185,0,0,0,0,0,1
100264,126213,0,0,0,0,0,1
100264,126244,0,0,0,0,0,1
100264,12626,0,0,0,0,0,1
100264,126315,0,0,0,0,0,1
100264,126465,0,0,0,0,0,1
100264,126584,0,0,0,0,0,1
100264,12665,0,0,0,0,0,1
100264,12667,0,0,0,0,0,1
100264,126683,0,0,0,0,0,1
100264,126716,0,0,0,0,0,1
100264,126756,0,0,0,0,0,1
100264,126757,0,0,0,0,0,1
100264,126762,0,0,0,0,0,1
100264,126823,0,0,0,0,0,1
100264,126872,0,0,0,0,0,1
100264,126877,0,0,0,0,0,1
100264,126898,0,0,0,0,0,1
100264,126904,0,0,0,0,0,1
100264,127004,0,0,0,0,0,1
100264,127006,0,0,0,0,0,1
100264,127077,0,0,0,1,0,1
100264,127137,0,0,0,0,0,1
100264,12714,0,0,0,0,0,1
100264,127163,0,0,0,0,0,1
100264,127168,0,0,0,0,0,1
100264,127251,0,0,0,0,0,1
100264,127323,0,0,0,0,0,1
100264,12753,0,0,0,0,0,1
100264,127602,0,0,0,0,0,1
100264,127690,0,0,0,0,0,1
100264,127757,0,0,0,0,0,1
100264,127853,0,0,0,0,0,1
100264,127873,0,0,0,0,0,1
100264,127992,0,0,0,0,0,1
100264,128030,0,0,0,0,0,1
100264,128056,0,0,0,0,0,1
100264,128305,0,0,0,0,0,1
100264,128475,0,0,0,0,0,1
100264,128489,0,0,0,0,0,1
100264,128492,0,0,0,0,0,1
100264,128660,0,0,0,0,0,1
100264,12869,0,0,0,0,0,1
100264,128781,0,0,0,0,0,1
100264,12883,0,0,0,0,0,1
100264,129016,0,0,0,0,0,1
100264,12923,0,0,0,0,0,1
100264,129322,0,0,0,0,0,1
100264,129393,1,0,0,1,1,1
100264,129482,0,0,0,0,0,1
100264,129526,0,0,0,0,0,1
100264,129599,0,0,0,0,0,1
100264,12963,0,0,0,0,0,1
100264,129638,0,0,0,0,0,1
100264,129789,0,0,0,0,0,1
100264,129835,0,0,0,0,0,1
100264,129837,0,0,0,0,0,1
100264,129918,0,0,0,0,0,1
100264,130004,0,0,0,0,0,1
100264,13017,0,0,0,0,0,1
100264,130224,0,0,0,0,0,1
100264,1303,0,0,0,1,0,1
100264,130340,0,0,0,1,1,1
100264,130392,0,0,0,0,0,1
100264,130412,1,1,0,1,0,1
100264,13052,0,0,0,0,0,1
100264,130677,0,0,0,0,0,1
100264,130704,0,0,0,0,0,1
100264,130717,0,0,0,0,0,1
100264,130757,0,0,0,0,0,1
100264,130758,0,0,0,0,0,1
100264,130832,0,0,0,0,0,1
100264,13084,0,0,0,0,0,1
100264,130950,0,0,0,0,0,1
100264,130997,0,0,0,0,0,1
100264,131053,0,0,0,0,0,1
100264,131099,0,0,0,0,0,1
100264,13112,0,0,0,0,0,1
100264,131205,0,0,0,0,0,1
100264,131260,0,0,0,0,0,1
100264,131451,0,0,0,0,0,1
100264,13149,0,0,0,0,0,1
100264,131540,0,0,0,0,0,1
100264,131570,0,0,0,0,0,1
100264,131574,0,0,0,1,0,1
100264,131597,0,0,0,0,0,1
100264,13177,0,0,0,0,0,1
100264,131838,0,0,0,0,0,1
100264,131853,0,0,0,1,0,1
100264,131868,0,0,0,0,0,1
100264,131909,0,0,0,0,0,1
100264,132057,0,0,0,0,0,1
100264,132080,0,0,0,0,0,1
100264,13214,0,0,0,0,0,1
100264,132270,0,0,0,0,0,1
100264,132327,0,0,0,0,0,1
100264,132399,0,0,0,0,0,1
100264,13250,0,0,0,0,0,1
100264,132607,0,0,0,0,0,1
100264,132630,0,0,0,0,0,1
100264,132690,0,0,0,0,0,1
100264,132763,0,0,0,0,0,1
100264,132783,0,0,0,0,0,1
100264,132850,0,0,0,0,0,1
100264,132898,0,0,0,0,0,1
100264,132948,0,0,0,0,0,1
100264,13305,1,1,1,1,1,1
100264,133136,0,0,0,0,0,1
100264,1332,0,0,0,0,0,1
100264,133226,0,0,0,1,0,1
100264,133302,0,0,0,0,0,1
100264,133325,0,0,0,0,0,1
100264,13337,0,0,0,0,0,1
100264,133389,0,0,0,0,0,1
100264,133424,0,0,0,0,0,1
100264,133444,0,0,0,0,0,1
100264,133464,0,0,0,0,0,1
100264,133696,0,0,0,0,0,1
100264,133810,0,0,0,0,0,1
100264,13394,0,0,0,0,0,1
100264,133985,0,0,0,0,0,1
100264,13400,0,0,0,0,0,1
100264,134038,0,0,0,0,0,1
100264,134061,0,0,0,0,0,1
100264,134071,0,0,0,0,0,1
100264,134205,0,0,0,0,0,1
100264,134326,0,0,0,0,0,1
100264,13441,0,0,0,0,0,1
100264,134455,0,0,0,1,0,1
100264,134532,0,0,0,0,0,1
100264,1346,0,0,0,0,0,1
100264,134608,0,0,0,0,0,1
100264,134731,0,0,0,0,0,1
100264,134796,0,0,0,0,0,1
100264,134823,0,0,0,0,0,1
100264,13500,0,0,0,0,0,1
100264,135058,0,0,0,0,0,1
100264,135188,0,0,0,0,0,1
100264,135372,0,0,0,1,0,1
100264,13538,0,0,0,0,0,1
100264,135413,0,0,0,0,0,1
100264,135422,0,0,0,0,0,1
100264,135528,0,0,0,0,0,1
100264,135588,0,0,0,0,0,1
100264,135709,0,0,0,0,0,1
100264,135710,0,0,0,0,0,1
100264,135818,0,0,0,0,0,1
100264,135868,0,0,0,0,0,1
100264,13590,0,0,0,0,0,1
100264,135939,0,0,0,0,0,1
100264,136058,0,0,0,0,0,1
100264,136061,0,0,0,0,0,1
100264,136097,0,0,0,0,0,1
100264,136103,0,0,0,0,0,1
100264,136108,0,0,0,0,0,1
100264,1363,0,0,0,0,0,1
100264,13641,0,0,0,0,0,1
100264,13645,0,0,0,0,0,1
100264,136494,0,0,0,0,0,1
100264,136495,0,0,0,0,0,1
100264,13665,0,0,0,0,0,1
100264,136695,0,0,0,0,0,1
100264,136821,0,0,0,0,0,1
100264,136825,0,0,0,0,0,1
100264,136843,0,0,0,0,0,1
100264,136860,0,0,0,0,0,1
100264,136907,0,0,0,0,0,1
100264,13706,0,0,0,0,0,1
100264,137060,0,0,0,0,0,1
100264,137150,0,0,0,0,0,0
100264,137174,0,0,0,0,0,1
100264,137201,0,0,0,0,0,1
100264,137246,0,0,0,0,0,1
100264,137365,0,0,0,0,0,1
100264,137375,0,0,0,0,0,1
100264,137381,0,0,0,0,0,1
100264,137396,0,0,0,0,0,1
100264,1374,0,0,0,0,0,1
100264,137402,0,0,0,0,0,1
100264,137444,0,0,0,0,0,1
100264,137602,0,0,0,1,0,1
100264,13762,0,0,0,1,1,1
100264,137639,0,0,0,0,0,1
100264,137680,0,0,0,0,0,1
100264,137694,0,0,0,0,0,1
100264,137739,1,1,0,1,0,1
100264,137755,0,0,0,0,0,1
100264,137771,0,0,0,0,0,1
100264,137778,0,0,0,0,0,1
100264,137784,0,0,0,0,0,1
100264,137863,0,0,0,0,0,1
100264,137906,0,0,0,0,0,1
100264,137972,0,0,0,0,0,1
100264,13807,0,0,0,0,0,1
100264,138103,0,0,0,0,0,1
100264,138193,0,0,0,0,0,1
100264,13820,0,0,0,0,0,1
100264,138258,0,0,0,0,0,1
100264,138263,0,0,0,1,0,1
100264,138375,0,0,0,0,0,1
100264,138418,0,0,0,0,0,1
100264,13852,0,0,0,0,0,1
100264,138521,0,0,0,0,0,1
100264,138570,0,0,0,0,0,1
100264,138573,0,0,0,0,0,1
100264,138643,0,0,0,0,0,1
100264,138704,0,0,0,0,0,1
100264,138773,0,0,0,0,0,1
100264,138807,0,0,0,0,0,1
100264,138811,0,0,0,0,0,1
100264,13886,0,0,0,0,0,1
100264,138892,0,0,0,0,0,1
100264,138909,0,0,0,0,0,1
100264,138990,0,0,0,0,0,1
100264,139056,0,0,0,0,0,1
100264,139074,0,0,0,0,0,1
100264,139102,0,0,0,0,0,1
100264,13917,0,0,0,0,0,1
100264,139227,0,0,0,1,0,1
100264,139311,0,0,0,0,0,1
100264,139358,0,0,0,0,0,1
100264,139391,0,0,0,0,0,1
100264,139407,0,0,0,0,0,1
100264,139459,0,0,0,0,0,1
100264,139530,0,0,0,0,0,1
100264,139533,0,0,0,0,0,1
100264,139578,0,0,0,1,0,1
100264,13958,0,0,0,0,0,1
100264,13960,0,0,0,0,0,1
100264,139605,0,0,0,0,0,1
100264,139628,0,0,0,0,0,1
100264,139644,0,0,0,0,0,1
100264,139648,0,0,0,0,0,1
100264,139654,0,0,0,0,0,1
100264,13971,0,0,0,0,0,1
100264,139877,0,0,0,0,0,1
100264,139932,0,0,0,0,0,1
100264,139937,0,0,0,0,0,1
100264,140021,0,0,0,0,0,1
100264,140067,0,0,0,0,0,1
100264,140069,0,0,0,0,0,1
100264,140074,0,0,0,0,0,1
100264,140122,0,0,0,1,0,1
100264,140223,0,0,0,0,0,1
100264,140297,0,0,1,1,1,1
100264,140318,0,0,0,0,0,1
100264,140327,0,0,0,0,0,1
100264,140508,0,0,0,0,0,1
100264,140608,0,0,0,0,0,1
100264,140620,0,0,0,0,0,1
100264,140623,0,0,0,0,0,1
100264,140638,0,0,0,0,0,1
100264,140646,0,0,0,0,0,1
100264,140691,0,0,0,0,0,1
100264,140702,0,0,0,0,0,1
100264,14081,0,0,0,0,0,1
100264,140838,0,0,0,0,0,1
100264,140883,0,0,0,0,0,1
100264,140919,0,0,0,0,0,1
100264,140924,0,0,0,0,0,1
100264,140946,0,0,0,0,0,1
100264,141048,0,0,0,0,0,1
100264,141145,0,0,0,0,0,1
100264,141183,0,0,0,0,0,1
100264,141345,0,0,0,0,0,1
100264,14135,0,0,0,0,0,1
100264,141350,0,0,0,0,0,1
100264,141478,0,0,0,0,0,1
100264,141544,0,0,0,0,0,1
100264,14158,0,0,0,0,0,1
100264,141762,0,0,0,0,0,1
100264,141766,0,0,0,0,0,1
100264,141896,0,0,0,0,0,1
100264,141948,0,0,0,0,0,1
100264,141991,0,0,0,0,0,1
100264,142033,0,0,0,0,0,1
100264,142071,0,0,0,0,0,1
100264,142074,0,0,0,0,0,1
100264,142092,0,0,0,0,0,1
100264,142111,0,0,0,0,0,1
100264,142149,0,0,0,0,0,1
100264,142154,0,0,0,0,0,1
100264,142261,0,0,0,0,0,1
100264,14228,0,0,0,0,0,1
100264,142426,1,1,1,1,1,1
100264,142433,0,0,0,0,0,1
100264,14250,0,0,0,0,0,1
100264,14251,0,0,0,0,0,1
100264,142666,0,0,0,0,0,1
100264,142681,0,0,0,0,0,1
100264,142685,0,0,0,0,0,1
100264,142697,0,0,0,0,0,1
100264,142868,0,0,0,0,0,1
100264,142908,0,0,0,0,0,1
100264,14291,0,0,0,0,0,1
100264,142914,0,0,0,0,0,1
100264,142973,0,0,0,0,0,1
100264,142982,0,0,0,0,0,1
100264,142989,0,0,0,0,0,1
100264,142991,0,0,0,0,0,1
100264,142994,0,0,0,0,0,1
100264,14300,0,0,0,0,0,1
100264,143020,0,0,0,0,0,1
100264,143024,0,0,0,0,0,1
100264,143050,0,0,0,1,0,1
100264,14307,0,0,0,0,0,1
100264,143241,0,0,0,0,0,1
100264,143257,0,0,0,0,0,1
100264,143306,0,0,0,0,0,1
100264,143311,0,0,0,1,0,1
100264,14332,0,0,0,0,0,1
100264,143350,0,0,0,0,0,1
100264,143373,0,0,0,0,0,1
100264,143391,0,0,0,0,0,1
100264,143499,0,0,0,0,0,1
100264,143533,0,0,0,0,0,1
100264,143558,0,0,0,0,0,1
100264,143584,0,0,0,0,0,1
100264,143597,0,0,0,0,0,1
100264,143608,0,0,0,0,0,1
100264,143661,0,0,0,0,0,1
100264,143724,0,0,0,0,0,1
100264,14376,0,0,0,0,0,1
100264,143908,0,0,0,0,0,1
100264,14400,0,0,0,0,0,1
100264,144013,0,0,0,0,0,1
100264,144022,0,0,0,0,0,1
100264,144054,0,0,0,0,0,1
100264,144076,1,1,1,1,1,1
100264,144096,0,0,0,0,0,1
100264,14413,0,0,0,0,0,1
100264,144356,0,0,0,0,0,1
100264,144398,0,0,0,0,0,1
100264,144418,0,0,0,0,0,1
100264,144513,0,0,0,0,0,1
100264,144589,0,0,0,0,0,1
100264,144777,0,0,0,0,0,1
100264,144977,0,0,0,0,0,1
100264,14501,0,0,0,0,0,1
100264,145183,0,0,0,0,0,1
100264,145275,0,0,0,0,0,1
100264,145298,0,0,0,0,0,1
100264,14532,0,0,0,0,0,1
100264,145325,0,0,0,0,0,1
100264,145347,0,0,0,0,0,1
100264,145352,0,0,0,0,0,1
100264,1454,0,0,0,1,1,1
100264,145523,0,0,0,0,0,1
100264,145530,0,0,0,0,0,1
100264,145574,0,0,0,0,0,1
100264,145717,0,0,0,0,0,1
100264,14584,0,0,0,0,0,1
100264,145846,0,0,0,0,0,1
100264,145872,0,0,0,0,0,1
100264,146163,0,0,0,0,0,1
100264,14621,0,0,0,0,0,1
100264,146306,0,0,0,0,0,1
100264,146320,0,0,0,0,0,1
100264,146363,0,0,0,0,0,1
100264,146422,0,1,0,1,1,1
100264,146513,0,0,0,0,0,1
100264,14660,0,0,0,0,0,1
100264,146665,1,1,0,1,0,1
100264,146694,0,0,0,0,0,1
100264,146718,0,0,0,0,0,1
100264,146739,0,0,0,0,0,1
100264,146761,0,0,0,0,0,1
100264,146863,0,0,0,0,0,1
100264,146953,0,0,0,0,0,1
100264,14698,0,0,0,0,0,1
100264,147048,0,0,0,0,0,1
100264,147062,0,0,0,0,0,1
100264,147106,0,0,0,0,0,1
100264,147112,0,0,0,0,0,1
100264,147134,0,0,0,0,0,1
100264,147268,0,0,0,0,0,1
100264,147271,0,0,0,0,0,1
100264,147343,0,0,0,0,0,1
100264,147371,0,0,0,0,0,1
100264,147403,0,0,0,0,0,1
100264,147452,0,0,0,0,0,1
100264,147616,0,0,0,0,0,1
100264,147750,0,0,0,0,0,1
100264,14776,1,1,0,1,1,1
100264,147797,0,0,0,0,0,1
100264,14786,0,0,0,0,0,1
100264,147934,0,0,0,0,0,1
100264,147940,0,0,0,0,0,1
100264,147953,0,0,0,0,0,1
100264,147970,0,0,0,1,1,1
100264,148039,0,0,0,0,0,1
100264,148087,0,0,0,0,0,1
100264,148096,0,0,0,0,0,1
100264,148114,0,0,0,0,0,1
100264,148134,0,0,0,0,0,1
100264,148259,0,0,0,0,0,1
100264,148381,0,0,0,0,0,1
100264,148422,0,0,0,0,0,1
100264,148437,0,0,0,0,0,1
100264,148514,0,0,0,1,0,1
100264,148551,0,0,0,0,0,1
100264,148552,0,0,0,0,0,1
100264,148626,0,0,0,0,0,1
100264,148682,0,0,0,0,0,1
100264,148715,0,1,0,1,0,1
100264,148746,0,0,0,0,0,1
100264,148820,0,0,0,1,0,1
100264,14894,0,0,0,0,0,1
100264,149083,0,0,0,0,0,1
100264,149110,0,0,0,0,0,1
100264,149139,0,0,0,0,0,1
100264,149350,0,0,0,0,0,1
100264,149396,0,0,0,0,0,1
100264,149620,0,0,0,0,0,1
100264,149661,0,0,0,0,0,1
100264,149698,0,0,0,0,0,1
100264,149747,0,0,0,0,0,1
100264,149754,0,0,0,0,0,1
100264,14984,0,0,0,0,0,1
100264,149847,0,0,0,0,0,1
100264,149934,0,0,0,0,0,1
100264,1502,0,0,0,0,0,1
100264,150298,0,0,0,0,0,1
100264,150394,0,0,0,0,0,1
100264,150408,0,0,0,0,0,1
100264,150422,0,0,0,0,0,1
100264,150448,0,0,0,0,0,1
100264,15047,0,0,0,0,0,1
100264,150539,0,0,0,0,0,1
100264,15057,0,0,0,0,0,1
100264,150588,0,0,0,0,0,1
100264,150641,0,0,0,0,0,1
100264,150643,0,0,0,0,0,1
100264,150684,1,1,1,1,1,1
100264,150695,0,0,0,0,0,1
100264,150701,0,0,0,0,0,1
100264,150735,0,0,0,0,0,1
100264,150773,0,0,0,0,0,1
100264,150779,0,0,0,0,0,1
100264,150852,0,0,0,0,0,1
100264,150906,0,0,0,0,0,1
100264,150945,0,0,0,0,0,1
100264,15104,0,0,0,0,0,1
100264,15107,0,0,0,0,0,1
100264,151099,0,0,0,0,0,1
100264,151143,0,0,0,0,0,1
100264,151189,0,0,0,0,0,1
100264,151241,0,0,0,0,0,1
100264,151304,0,0,0,0,0,1
100264,151317,0,0,0,0,0,1
100264,151334,0,0,0,0,0,1
100264,151340,0,0,0,0,0,1
100264,151350,0,0,0,0,0,1
100264,151362,1,1,0,1,0,1
100264,151396,0,0,0,0,0,1
100264,151490,0,0,0,0,0,1
100264,151677,0,0,0,0,0,1
100264,151754,0,0,0,0,0,1
100264,151780,0,0,0,0,0,1
100264,151813,0,0,0,0,0,1
100264,152006,0,0,0,0,0,1
100264,152039,0,0,0,0,0,1
100264,152052,0,0,0,0,0,1
100264,15224,0,0,0,0,0,1
100264,152270,0,0,0,0,0,1
100264,152302,0,0,0,0,0,1
100264,152353,0,0,0,0,0,1
100264,152433,0,0,0,0,0,1
100264,152459,0,0,0,0,0,1
100264,152501,0,0,0,0,0,1
100264,15263,0,0,0,0,0,1
100264,152661,0,0,0,0,0,1
100264,152685,0,0,0,0,0,1
100264,152758,0,0,0,1,0,1
100264,15278,0,0,0,0,0,1
100264,15285,0,0,0,0,0,1
100264,152851,0,0,0,0,0,1
100264,152866,0,0,0,0,0,1
100264,152929,0,0,0,0,0,1
100264,152933,0,0,0,0,0,1
100264,152940,0,0,0,0,0,1
100264,152955,0,0,0,0,0,1
100264,153057,0,0,0,0,0,1
100264,153175,0,0,0,0,0,1
100264,153273,1,1,0,1,1,1
100264,15333,0,0,0,0,0,1
100264,153357,0,0,0,0,0,1
100264,153469,0,0,0,0,0,1
100264,153756,0,0,0,0,0,1
100264,153949,0,0,0,0,0,1
100264,153960,0,0,0,0,0,1
100264,1542,0,0,0,0,0,1
100264,15427,0,0,0,1,0,1
100264,15459,0,0,0,0,0,1
100264,15504,0,0,0,0,0,1
100264,1556,0,0,0,0,0,1
100264,15571,0,0,0,0,0,1
100264,15598,0,0,0,0,0,1
100264,1560,0,0,0,0,0,1
100264,15605,0,0,0,0,0,1
100264,15636,0,0,0,0,0,1
100264,15655,0,0,0,0,0,1
100264,15685,0,0,0,0,0,1
100264,15768,0,0,0,0,0,1
100264,158,0,0,0,0,0,1
100264,15802,0,0,0,0,0,1
100264,15906,0,0,0,0,0,1
100264,1592,0,0,0,0,0,1
100264,15947,0,0,0,0,0,1
100264,15980,0,0,0,0,0,1
100264,1599,0,0,0,0,0,1
100264,15993,0,0,0,0,0,1
100264,160,0,0,0,0,0,1
100264,1601,0,0,0,0,0,1
100264,16046,0,0,0,0,0,1
100264,16069,0,0,0,0,0,1
100264,16127,0,0,0,0,0,1
100264,16160,0,0,0,0,0,1
100264,16178,0,0,0,0,0,1
100264,16200,0,0,0,1,0,1
100264,1635,0,0,0,0,0,1
100264,16437,0,0,0,1,0,1
100264,16466,0,0,0,0,0,1
100264,1650,1,1,0,1,0,1
100264,1654,0,0,0,0,0,1
100264,16608,0,0,0,0,0,1
100264,1665,0,0,0,0,0,1
100264,16732,0,0,0,0,0,1
100264,16755,0,0,0,0,0,1
100264,16798,0,0,0,0,0,1
100264,16851,0,0,0,0,0,1
100264,16891,0,0,0,0,0,1
100264,16959,0,0,0,0,0,1
100264,16963,0,0,0,0,0,1
100264,16997,0,0,0,0,0,1
100264,1701,0,0,0,0,0,1
100264,17014,0,0,0,0,0,1
100264,17108,0,0,0,0,0,1
100264,17145,0,0,0,0,0,1
100264,17229,0,0,0,0,0,1
100264,17414,0,0,0,0,0,1
100264,17436,0,0,0,0,0,1
100264,17489,0,0,0,1,0,1
100264,176,0,0,0,0,0,1
100264,17602,0,0,0,0,0,1
100264,17727,0,0,0,0,0,1
100264,17840,0,0,0,0,0,1
100264,17999,0,0,0,0,0,1
100264,180,0,0,0,0,0,1
100264,1802,0,0,0,0,0,1
100264,1805,0,0,0,0,0,1
100264,18054,0,0,0,0,0,1
100264,18088,0,0,0,0,0,1
100264,1811,0,0,0,0,0,1
100264,18206,0,0,0,0,0,1
100264,18258,0,0,0,0,0,1
100264,18274,0,0,0,0,0,1
100264,18281,0,0,0,0,0,1
100264,18410,0,0,0,0,0,1
100264,18453,0,0,0,0,0,1
100264,18527,0,0,0,0,0,1
100264,18644,0,0,0,0,0,1
100264,18683,0,0,1,1,0,1
100264,18698,0,0,0,0,0,1
100264,18700,0,0,0,0,0,1
100264,1873,0,0,0,0,0,1
100264,18799,0,0,0,0,0,1
100264,18837,0,0,0,0,0,1
100264,18971,0,0,0,0,0,1
100264,19073,0,0,0,0,0,1
100264,19103,0,0,0,0,0,1
100264,1930,0,0,0,0,0,1
100264,19451,0,0,0,0,0,1
100264,19547,0,0,0,0,0,1
100264,1955,0,0,0,0,0,1
100264,19564,0,0,0,0,0,1
100264,19643,0,0,0,0,0,1
100264,19645,0,0,0,0,0,1
100264,19694,0,0,0,0,0,1
100264,19795,0,0,0,0,0,1
100264,19806,0,0,0,0,0,1
100264,1981,0,0,0,0,0,1
100264,20010,0,0,0,0,0,1
100264,20020,0,0,0,0,0,1
100264,20151,0,0,0,0,0,1
100264,20223,0,0,0,0,0,1
100264,20235,0,0,0,0,0,1
100264,20261,0,0,0,0,0,1
100264,2029,0,0,0,0,0,1
100264,2031,0,0,0,0,0,1
100264,2037,0,0,0,0,0,1
100264,20448,0,0,0,0,0,1
100264,20449,0,0,0,0,0,1
100264,20554,0,0,0,0,0,1
100264,20597,0,0,0,0,0,1
100264,206,0,0,0,0,0,1
100264,2067,0,0,0,0,0,1
100264,2085,0,0,0,0,0,1
100264,2096,0,0,0,0,0,1
100264,21040,0,0,0,0,0,1
100264,21350,1,1,1,1,1,1
100264,21509,0,0,0,0,0,1
100264,2152,0,0,0,0,0,1
100264,21764,0,0,0,0,0,1
100264,21777,0,0,0,0,0,1
100264,21793,0,0,0,0,0,1
100264,21812,0,0,0,0,0,1
100264,21814,0,0,0,0,0,1
100264,2183,0,0,0,0,0,1
100264,21884,0,0,0,0,0,1
100264,21915,0,0,0,0,0,1
100264,21934,0,0,0,0,0,1
100264,21941,0,0,0,0,0,1
100264,21992,0,0,0,0,0,1
100264,22008,0,0,0,0,0,1
100264,22022,0,0,0,0,0,1
100264,22042,0,0,0,0,0,1
100264,22061,0,0,0,0,0,1
100264,22078,0,0,0,0,0,1
100264,22131,0,0,0,0,0,1
100264,22138,0,0,0,0,0,1
100264,22139,0,0,0,0,0,1
100264,2215,0,0,0,1,0,1
100264,22153,0,0,0,0,0,1
100264,22169,0,0,0,0,0,1
100264,22184,0,0,0,0,0,1
100264,22206,0,0,0,0,0,1
100264,22210,1,1,1,1,1,1
100264,22230,0,0,0,0,0,1
100264,22234,0,0,0,0,0,1
100264,22235,0,0,0,0,0,1
100264,2225,0,0,0,0,0,1
100264,22254,1,1,0,1,0,1
100264,22282,0,0,0,0,0,1
100264,22288,0,0,0,0,0,1
100264,22297,0,0,0,0,0,1
100264,2231,0,0,0,0,0,1
100264,22325,0,0,0,0,0,1
100264,22337,0,0,0,0,0,1
100264,22350,0,0,0,0,0,1
100264,2241,0,0,0,0,0,1
100264,22428,0,0,0,0,0,1
100264,22443,0,0,0,0,0,1
100264,22455,0,0,0,1,0,1
100264,22457,0,0,0,0,0,1
100264,22480,0,0,0,0,0,1
100264,22482,0,0,0,0,0,1
100264,22492,0,0,0,0,0,1
100264,22496,0,0,0,0,0,1
100264,22510,0,0,0,0,0,1
100264,22534,0,0,0,0,0,1
100264,22541,0,0,0,0,0,1
100264,22550,0,0,0,0,0,1
100264,22562,0,0,0,0,0,1
100264,22567,0,0,0,0,0,1
100264,22591,0,0,0,0,0,1
100264,22620,0,0,0,0,0,1
100264,22624,0,0,0,0,0,1
100264,22659,0,0,0,0,0,1
100264,22671,0,0,0,0,0,1
100264,22691,0,0,0,0,0,1
100264,22696,0,0,0,0,0,1
100264,22724,0,0,0,0,0,1
100264,22785,0,0,0,0,0,1
100264,22799,0,0,0,0,0,1
100264,22807,0,0,0,0,0,1
100264,22816,0,0,0,0,0,1
100264,22859,0,0,0,0,0,1
100264,22868,0,0,0,1,0,1
100264,22877,0,0,0,0,0,1
100264,2289,1,1,0,1,0,1
100264,22922,0,0,0,0,0,1
100264,22930,0,0,0,0,0,1
100264,22954,0,0,0,0,0,1
100264,2298,0,0,0,0,0,1
100264,22982,0,0,0,0,0,1
100264,22987,0,0,0,0,0,1
100264,22991,0,0,0,0,0,1
100264,22998,0,0,0,0,0,1
100264,23,0,0,0,0,0,1
100264,23041,1,1,0,1,0,1
100264,23062,0,0,0,0,0,1
100264,23066,0,0,0,0,0,1
100264,23119,0,0,0,0,0,1
100264,23175,0,0,0,0,0,1
100264,23201,0,0,0,0,0,1
100264,23211,0,0,0,0,0,1
100264,23234,0,0,0,0,0,1
100264,23244,0,0,0,0,0,1
100264,23252,0,0,0,1,0,1
100264,23293,0,0,0,0,0,1
100264,23332,0,0,0,0,0,1
100264,23386,0,0,0,0,0,1
100264,23417,0,0,0,0,0,1
100264,23443,0,0,0,0,0,1
100264,23489,0,0,0,0,0,1
100264,23508,0,0,0,0,0,1
100264,23532,0,0,0,0,0,1
100264,2355,0,0,0,0,0,1
100264,23572,0,0,0,0,0,1
100264,23633,0,0,0,0,0,1
100264,23659,0,0,0,0,0,1
100264,23665,0,0,0,0,0,1
100264,23672,0,0,0,0,0,1
100264,23676,0,0,0,0,0,1
100264,23681,0,0,0,0,0,1
100264,23698,0,0,0,0,0,1
100264,23710,0,0,0,0,0,1
100264,23755,0,0,0,0,0,1
100264,23759,0,0,0,0,0,1
100264,23792,0,0,0,0,0,1
100264,23807,0,0,0,0,0,1
100264,23811,0,0,0,0,0,1
100264,23813,0,0,0,0,0,1
100264,2383,0,0,0,0,0,1
100264,23832,1,0,0,0,0,1
100264,23861,0,0,0,0,0,1
100264,23881,0,0,0,0,0,1
100264,23909,0,0,0,0,0,1
100264,23911,0,0,0,0,0,1
100264,23913,0,0,0,0,0,1
100264,23927,0,0,0,0,0,1
100264,23966,0,0,0,0,0,1
100264,23972,0,0,0,0,0,1
100264,23984,0,0,0,0,0,1
100264,24001,0,0,0,0,0,1
100264,24012,0,0,0,0,0,1
100264,24014,0,0,0,0,0,1
100264,2404,0,0,0,0,0,1
100264,24042,0,0,0,0,0,1
100264,24056,0,0,0,1,0,1
100264,24059,0,0,0,0,0,1
100264,24075,0,0,0,0,0,1
100264,24083,0,0,0,0,0,1
100264,24085,0,0,0,0,0,1
100264,24110,0,0,0,1,0,1
100264,24114,0,0,0,0,0,1
100264,24123,0,0,0,0,0,1
100264,24139,0,0,0,0,0,1
100264,24151,0,0,0,0,0,1
100264,24171,0,0,0,0,0,1
100264,2418,0,0,0,0,0,1
100264,24180,0,0,0,0,0,1
100264,24194,0,0,0,0,0,1
100264,24267,0,0,0,0,0,1
100264,24270,0,0,0,0,0,1
100264,24277,0,0,0,0,0,1
100264,24280,0,0,0,0,0,1
100264,24296,0,0,0,0,0,1
100264,24315,0,0,0,0,0,1
100264,24320,0,0,0,0,0,1
100264,24322,0,0,0,0,0,1
100264,24355,0,0,0,0,0,1
100264,24412,0,0,0,0,0,1
100264,24440,0,1,0,1,0,1
100264,24506,0,0,0,0,0,1
100264,2451,0,0,0,0,0,1
100264,24514,0,0,0,0,0,1
100264,24601,0,0,0,0,0,1
100264,24638,0,0,0,0,0,1
100264,24646,0,0,0,0,0,1
100264,24664,0,0,0,0,0,1
100264,24677,0,0,0,0,0,1
100264,24688,0,0,0,0,0,1
100264,24700,0,0,0,0,0,1
100264,24703,0,0,0,0,0,1
100264,24735,0,0,0,0,0,1
100264,2478,0,0,0,0,0,1
100264,24818,0,0,0,0,0,1
100264,24821,0,0,0,0,0,1
100264,24827,0,0,0,0,0,1
100264,2483,0,0,0,0,0,1
100264,24902,0,0,0,0,0,1
100264,24919,0,0,0,0,0,1
100264,24931,0,0,0,0,0,1
100264,24939,0,0,0,0,0,1
100264,24977,0,0,0,0,0,1
100264,25007,0,0,0,0,0,1
100264,25067,0,0,0,0,0,1
100264,25069,0,0,0,0,0,1
100264,25148,0,0,0,0,0,1
100264,25164,0,0,0,0,0,1
100264,25194,0,0,0,0,0,1
100264,25221,0,0,0,0,0,1
100264,25239,0,0,0,0,0,1
100264,25243,0,0,0,0,0,1
100264,25251,0,0,0,0,0,1
100264,25255,0,0,0,0,0,1
100264,25258,0,0,0,0,0,1
100264,25262,0,0,0,0,0,1
100264,25277,0,0,0,0,0,1
100264,25331,0,0,0,0,0,1
100264,25350,0,0,0,0,0,1
100264,2538,1,1,0,1,1,1
100264,254,0,0,0,0,0,1
100264,25412,0,0,0,0,0,1
100264,25424,0,0,0,0,0,1
100264,25429,0,0,0,0,0,1
100264,25443,0,0,0,0,0,1
100264,25454,0,0,0,0,0,1
100264,25455,0,0,0,0,0,1
100264,25470,0,0,0,0,0,1
100264,25522,0,0,0,0,0,1
100264,25525,0,0,0,0,0,1
100264,25530,0,0,0,0,0,1
100264,25574,0,0,0,0,0,1
100264,25584,0,0,0,0,0,1
100264,25603,0,0,0,1,0,1
100264,25651,0,1,0,1,0,1
100264,25654,0,0,0,0,0,1
100264,25663,0,0,0,0,0,1
100264,25665,0,0,0,0,0,1
100264,25667,0,0,0,0,0,1
100264,25710,0,0,0,0,0,1
100264,25744,0,0,0,0,0,1
100264,25760,0,0,0,1,0,1
100264,25787,0,0,0,0,0,1
100264,258,0,0,0,0,0,1
100264,25807,0,0,0,0,0,1
100264,25816,0,0,0,0,0,1
100264,25871,0,0,0,0,0,1
100264,25904,0,0,0,0,0,1
100264,2591,0,0,0,0,0,1
100264,25937,0,0,0,0,0,1
100264,25983,0,0,0,0,0,1
100264,26002,0,0,0,0,0,1
100264,26014,0,0,0,0,0,1
100264,26024,0,0,0,0,0,1
100264,26050,0,0,0,1,0,1
100264,26083,0,0,0,0,0,1
100264,26116,0,0,0,0,0,1
100264,26128,0,0,0,0,0,1
100264,26178,0,0,0,0,0,1
100264,26218,0,0,0,0,0,1
100264,26225,0,0,0,0,0,1
100264,26243,0,0,0,0,0,1
100264,26299,0,0,0,0,0,1
100264,26310,0,0,0,0,0,1
100264,26314,0,0,0,0,0,1
100264,26329,0,0,0,0,0,1
100264,26342,0,0,0,0,0,1
100264,26378,0,0,0,0,0,1
100264,26417,0,0,0,0,0,1
100264,26503,0,0,0,0,0,1
100264,26525,0,0,0,0,0,1
100264,26550,0,0,0,0,0,1
100264,26560,0,0,0,0,0,1
100264,26568,0,0,0,0,0,1
100264,26675,0,0,0,0,0,1
100264,26684,0,0,0,0,0,1
100264,26691,0,0,0,0,0,1
100264,26757,0,0,0,0,0,1
100264,26773,0,0,0,0,0,1
100264,2681,0,0,0,0,0,1
100264,26818,0,0,0,0,0,1
100264,26870,0,0,0,0,0,1
100264,26885,0,0,0,0,0,1
100264,26889,0,0,0,0,0,1
100264,26901,0,0,0,0,0,1
100264,26932,0,0,0,0,0,1
100264,27016,0,0,0,0,0,1
100264,27039,0,0,0,0,0,1
100264,27045,0,0,0,0,0,1
100264,27067,0,0,0,0,0,1
100264,27072,0,0,0,0,0,1
100264,27098,0,0,0,0,0,1
100264,27104,0,0,0,0,0,1
100264,27110,0,0,0,0,0,1
100264,2714,0,0,0,0,0,1
100264,27142,0,0,0,0,0,1
100264,27157,0,0,0,1,1,1
100264,27178,0,0,0,0,0,1
100264,27184,0,0,0,0,0,1
100264,27203,0,0,0,0,0,1
100264,27258,0,0,1,1,1,1
100264,27271,0,0,0,0,0,1
100264,27287,0,0,0,0,0,1
100264,27302,1,0,0,1,0,1
100264,27318,0,0,0,0,0,1
100264,27324,0,0,0,1,0,1
100264,27353,0,0,0,0,0,1
100264,27380,0,0,0,0,0,1
100264,27394,0,0,0,0,0,1
100264,27396,1,1,0,1,0,1
100264,27402,0,0,0,0,0,1
100264,27413,0,0,0,0,0,1
100264,27431,0,0,0,0,0,1
100264,27435,0,0,0,0,0,1
100264,27490,0,0,0,0,0,1
100264,2751,0,0,0,0,0,1
100264,27512,0,0,0,0,0,1
100264,27532,0,0,0,0,0,1
100264,27558,0,0,0,0,0,1
100264,27583,0,0,0,0,0,1
100264,27636,0,0,0,0,0,1
100264,27650,0,0,0,0,0,1
100264,27681,0,0,0,0,0,1
100264,27710,0,0,0,0,0,1
100264,27745,0,0,0,0,0,1
100264,27771,0,0,0,0,0,1
100264,27774,0,0,0,0,0,1
100264,27784,0,0,0,0,0,1
100264,27789,0,0,0,1,0,1
100264,27791,0,0,0,0,0,1
100264,27811,0,0,0,0,0,1
100264,27822,0,0,0,0,0,1
100264,27825,0,0,0,0,0,1
100264,27845,0,0,0,0,0,1
100264,27873,0,0,0,0,0,1
100264,2791,0,0,0,0,0,1
100264,27977,0,0,0,0,0,1
100264,27979,0,0,0,0,0,1
100264,28004,0,0,0,0,0,1
100264,2803,0,0,0,0,0,1
100264,28039,0,0,0,0,0,1
100264,28049,0,0,0,0,0,1
100264,28141,0,0,0,0,0,1
100264,28144,0,0,0,0,0,1
100264,28176,0,0,0,0,0,1
100264,28231,0,0,0,0,0,1
100264,28239,0,0,0,0,0,1
100264,28250,0,0,0,0,0,1
100264,28295,0,0,0,0,0,1
100264,2833,0,0,0,0,0,1
100264,28332,0,0,0,0,0,1
100264,28344,0,0,0,0,0,1
100264,28416,0,0,0,0,0,1
100264,28425,0,0,0,0,0,1
100264,28436,0,0,0,0,0,1
100264,28441,0,0,0,0,0,1
100264,28449,0,0,0,0,0,1
100264,28455,0,0,0,0,0,1
100264,28551,0,0,0,0,0,1
100264,28590,0,0,0,0,0,1
100264,28628,0,0,0,0,0,1
100264,28698,0,0,0,0,0,1
100264,28711,0,0,0,0,0,1
100264,28753,0,0,0,0,0,1
100264,28783,0,0,0,0,0,1
100264,28787,0,0,0,0,0,1
100264,28793,0,0,0,0,0,1
100264,28878,0,0,0,0,0,1
100264,28884,0,0,0,0,0,1
100264,28891,0,0,0,0,0,1
100264,28940,0,0,0,0,0,1
100264,29017,0,0,0,0,0,1
100264,29070,0,0,0,0,0,1
100264,29170,0,0,0,0,0,1
100264,29174,0,0,0,0,0,1
100264,29190,0,0,0,0,0,1
100264,2923,1,0,0,0,0,1
100264,29230,0,0,0,0,0,1
100264,29268,0,0,0,0,0,1
100264,2927,0,0,0,0,0,1
100264,29286,0,0,0,0,0,1
100264,29297,0,0,0,0,0,1
100264,29305,0,0,0,0,0,1
100264,29307,0,0,0,0,0,1
100264,29421,0,0,0,0,0,1
100264,29435,0,0,0,0,0,1
100264,2947,0,0,0,0,0,1
100264,29484,0,0,0,0,0,1
100264,29494,0,0,0,0,0,1
100264,29496,0,0,0,0,0,1
100264,29499,0,0,0,1,0,1
100264,29542,0,0,0,0,0,1
100264,29554,0,0,0,0,0,1
100264,29556,0,0,0,0,0,1
100264,29577,0,0,0,0,0,1
100264,29618,0,0,0,0,0,1
100264,29683,0,0,0,0,0,1
100264,29719,0,0,0,0,0,1
100264,29768,0,0,0,0,0,1
100264,29782,0,0,0,0,0,1
100264,29796,0,0,0,0,0,1
100264,29859,0,0,0,0,0,1
100264,2988,0,0,0,0,0,1
100264,29891,0,0,0,0,0,1
100264,29918,0,0,0,0,0,1
100264,29919,0,0,0,0,0,1
100264,29938,0,0,0,0,0,1
100264,30176,0,0,0,0,0,1
100264,30215,0,0,0,0,0,1
100264,30224,0,0,0,0,0,1
100264,30247,0,0,0,0,0,1
100264,30273,0,0,0,0,0,1
100264,30288,0,0,0,0,0,1
100264,30290,0,0,0,0,0,1
100264,30353,0,0,0,0,0,1
100264,30355,0,0,0,0,0,1
100264,30427,0,0,0,0,0,1
100264,3045,0,0,0,0,0,1
100264,30497,0,0,0,1,0,1
100264,30509,0,0,0,0,0,1
100264,3053,0,0,0,0,0,1
100264,30561,0,0,0,0,0,1
100264,30586,0,0,0,0,0,1
100264,30642,0,0,0,1,0,1
100264,30672,0,0,0,0,0,1
100264,30698,0,0,0,0,0,1
100264,3071,0,0,0,0,0,1
100264,30827,0,0,0,0,0,1
100264,30930,0,0,0,0,0,1
100264,30973,0,0,0,0,0,1
100264,3098,0,0,0,0,0,1
100264,30984,0,0,0,0,0,1
100264,31010,0,0,0,1,0,1
100264,31039,0,0,0,0,0,1
100264,31047,0,0,0,0,0,1
100264,31071,0,0,0,0,0,1
100264,31162,0,0,0,0,0,1
100264,31169,0,0,0,0,0,1
100264,31247,0,0,0,0,0,1
100264,31262,0,0,0,0,0,1
100264,31433,0,0,0,0,0,1
100264,3147,0,0,0,0,0,1
100264,31525,0,0,0,0,0,1
100264,31590,0,0,0,0,0,1
100264,31634,0,0,0,0,0,1
100264,3169,0,0,0,0,0,1
100264,31742,0,0,0,0,0,1
100264,31794,0,0,0,0,0,1
100264,3187,0,0,0,0,0,1
100264,31902,0,0,0,0,0,1
100264,3191,0,0,0,0,0,1
100264,31988,0,0,0,0,0,1
100264,31990,0,0,0,0,0,1
100264,32,0,0,0,0,0,1
100264,32011,0,0,0,0,0,1
100264,32047,0,0,0,0,0,1
100264,32101,0,0,0,0,0,1
100264,3214,0,0,0,0,0,1
100264,32140,0,0,0,0,0,1
100264,32252,1,1,0,1,0,1
100264,32294,0,0,0,0,0,1
100264,32340,0,0,0,0,0,1
100264,32345,0,0,0,0,0,1
100264,324,0,0,0,0,0,1
100264,32418,0,0,0,0,0,1
100264,32477,0,0,0,0,0,1
100264,32500,0,0,0,0,0,1
100264,3252,0,0,0,0,0,1
100264,32556,0,0,0,0,0,1
100264,3256,0,0,0,0,0,1
100264,3263,0,0,0,0,0,1
100264,33192,0,0,0,0,0,1
100264,33269,0,0,0,0,0,1
100264,33376,0,0,0,0,0,1
100264,3349,0,0,0,0,0,1
100264,3355,0,0,0,0,0,1
100264,3369,0,0,0,0,0,1
100264,33763,0,0,0,0,0,1
100264,33839,0,0,0,0,0,1
100264,33929,0,0,0,0,0,1
100264,33948,0,0,0,0,0,1
100264,3400,0,0,0,0,0,1
100264,3406,0,0,0,1,0,1
100264,34067,0,0,0,0,0,1
100264,34153,0,0,0,0,0,1
100264,3423,0,0,0,0,0,1
100264,3438,0,0,0,0,0,1
100264,34620,0,0,0,1,0,1
100264,3478,0,0,0,0,0,1
100264,3482,0,0,0,0,0,1
100264,35147,0,0,0,0,0,1
100264,35213,0,0,0,0,0,1
100264,35381,0,0,0,0,0,1
100264,35511,0,0,0,0,0,1
100264,35564,0,0,0,0,0,1
100264,35582,0,0,0,0,0,1
100264,356,0,0,0,0,0,1
100264,3583,0,0,0,0,0,1
100264,35888,0,0,0,0,0,1
100264,35921,0,0,0,0,0,1
100264,36101,0,0,0,0,0,1
100264,3625,0,0,0,0,0,1
100264,36304,0,0,0,0,0,1
100264,3651,0,0,0,0,0,1
100264,366,0,0,0,0,0,1
100264,36627,0,0,0,1,1,1
100264,3673,0,0,0,0,0,1
100264,36831,0,0,0,0,0,1
100264,36885,0,0,0,1,0,1
100264,36995,0,0,0,0,0,1
100264,36999,0,0,0,0,0,1
100264,3708,0,0,0,0,0,1
100264,37092,0,0,0,0,0,1
100264,37378,0,0,0,0,0,1
100264,375,0,0,0,0,0,1
100264,3763,0,0,0,0,0,1
100264,3781,0,0,0,0,0,1
100264,37819,0,0,0,0,0,1
100264,3786,0,0,0,0,0,1
100264,38039,0,0,0,0,0,1
100264,38205,0,0,0,0,0,1
100264,38225,0,0,0,0,0,1
100264,38365,0,0,0,0,0,1
100264,38601,0,0,0,0,0,1
100264,38753,0,0,0,0,0,1
100264,39048,0,0,0,0,0,1
100264,39063,0,0,0,0,0,1
100264,39072,0,0,0,0,0,1
100264,39089,0,0,0,0,0,1
100264,3909,0,0,0,1,0,1
100264,3911,0,0,0,0,0,1
100264,39262,0,0,0,0,0,1
100264,39325,0,0,0,0,0,1
100264,3943,0,0,0,0,0,1
100264,39533,0,0,0,0,0,1
100264,397,0,0,0,0,0,1
100264,39705,0,0,0,0,0,1
100264,3978,0,0,0,0,0,1
100264,3992,0,0,0,0,0,1
100264,3996,0,0,0,0,0,1
100264,39964,0,0,0,0,0,1
100264,4012,0,0,0,1,0,1
100264,40157,0,0,0,0,0,1
100264,4022,0,0,0,0,0,1
100264,40281,0,0,0,0,0,1
100264,40290,0,0,0,0,0,1
100264,4031,0,0,0,0,0,1
100264,40462,0,0,0,0,0,1
100264,40505,0,0,0,0,0,1
100264,40540,0,0,0,0,0,1
100264,40571,0,0,0,0,0,1
100264,40602,0,0,0,0,0,1
100264,40604,0,0,0,0,0,1
100264,40737,0,0,0,0,0,1
100264,40741,0,0,0,0,0,1
100264,40772,0,0,0,0,0,1
100264,40778,0,0,0,0,0,1
100264,40908,0,0,0,0,0,1
100264,40929,0,0,0,0,0,1
100264,4094,0,0,0,0,0,1
100264,40959,0,1,0,1,0,1
100264,40970,0,0,0,0,0,1
100264,40996,0,0,0,0,0,1
100264,4103,0,0,0,0,0,1
100264,41078,0,0,0,0,0,1
100264,41080,0,0,0,0,0,1
100264,4111,0,0,0,0,0,1
100264,41117,0,0,0,0,0,1
100264,41178,0,0,0,0,0,1
100264,41245,0,0,0,0,0,1
100264,41270,0,0,0,0,0,1
100264,41375,0,0,0,0,0,1
100264,41397,0,0,0,0,0,1
100264,41468,0,0,0,0,0,1
100264,41491,0,0,0,0,0,1
100264,4151,0,0,0,0,0,1
100264,41679,0,0,0,0,0,1
100264,41780,0,0,0,0,0,1
100264,4183,0,0,0,0,0,1
100264,41858,0,0,0,0,0,1
100264,41871,0,0,0,0,0,1
100264,41882,0,0,0,0,0,1
100264,41935,0,0,0,0,0,1
100264,42085,0,0,0,0,0,1
100264,42222,0,0,0,0,0,1
100264,42226,0,0,0,0,0,1
100264,42402,0,0,0,0,0,1
100264,4244,0,0,0,0,0,1
100264,42498,0,0,0,0,0,1
100264,42694,0,0,0,0,0,1
100264,42716,0,0,0,0,0,1
100264,42802,0,0,0,0,0,1
100264,42818,0,0,0,0,0,1
100264,4283,0,0,0,0,0,1
100264,4287,0,0,0,0,0,1
100264,42906,0,0,0,1,0,1
100264,42951,0,0,0,0,0,1
100264,42985,0,0,0,0,0,1
100264,43161,0,0,0,0,0,1
100264,43163,0,0,0,0,0,1
100264,43179,0,0,0,1,0,1
100264,43278,0,0,0,0,0,1
100264,43518,0,0,0,0,0,1
100264,43541,0,0,0,0,0,1
100264,43615,0,0,0,0,0,1
100264,43622,0,0,0,0,0,1
100264,43714,0,0,0,0,0,1
100264,43742,0,0,0,0,0,1
100264,43750,0,0,0,0,0,1
100264,43771,0,0,0,0,0,1
100264,4385,0,0,0,1,0,1
100264,43850,0,0,0,0,0,1
100264,43907,0,0,0,0,0,1
100264,4391,0,0,0,0,0,1
100264,43910,0,0,0,0,0,1
100264,43957,0,0,0,0,0,1
100264,43977,1,1,0,1,0,1
100264,43994,0,0,0,0,0,1
100264,4418,1,1,0,1,1,1
100264,442,1,1,1,1,1,1
100264,44222,0,0,0,0,0,1
100264,44298,0,0,0,1,0,1
100264,4430,0,0,0,0,0,1
100264,44317,0,0,0,0,0,1
100264,4436,0,0,0,1,0,1
100264,4442,0,0,0,0,0,1
100264,44441,0,0,0,0,0,1
100264,4445,0,0,0,0,0,1
100264,44452,0,0,0,0,0,1
100264,44543,0,0,0,0,0,1
100264,4456,0,0,0,0,0,1
100264,44589,0,0,0,0,0,1
100264,44610,0,0,0,0,0,1
100264,44633,0,0,0,0,0,1
100264,44644,0,0,0,0,0,1
100264,44682,0,0,0,0,0,1
100264,44753,0,0,0,0,0,1
100264,44816,0,0,0,0,0,1
100264,44836,0,0,0,0,0,1
100264,44923,0,0,0,0,0,1
100264,44990,0,0,0,0,0,1
100264,45006,0,0,0,0,0,1
100264,45008,0,0,0,0,0,1
100264,45037,0,0,0,0,0,1
100264,45108,0,0,0,0,0,1
100264,45182,0,0,0,0,0,1
100264,45309,1,1,0,1,0,1
100264,45338,0,0,0,0,0,1
100264,45421,0,0,0,0,0,1
100264,45514,0,0,0,0,0,1
100264,45520,0,0,0,1,0,1
100264,45641,0,0,0,0,0,1
100264,45653,0,0,0,0,0,1
100264,4569,0,0,0,0,0,1
100264,45770,0,0,0,1,0,1
100264,45808,0,0,0,0,0,1
100264,45850,0,0,0,0,0,1
100264,4588,0,0,0,0,0,1
100264,45888,0,0,0,0,0,1
100264,45910,0,0,0,0,0,1
100264,46045,0,0,0,0,0,1
100264,4608,0,0,0,0,0,1
100264,461,0,0,0,0,0,1
100264,46100,0,0,0,0,0,1
100264,46105,0,0,0,0,0,1
100264,46123,0,0,0,0,0,1
100264,46202,0,0,0,0,0,1
100264,46374,0,0,0,0,0,1
100264,46386,0,0,0,0,0,1
100264,46396,0,0,0,0,0,1
100264,46402,0,0,0,0,0,1
100264,46403,0,0,0,0,0,1
100264,46430,0,0,0,0,0,1
100264,46478,0,0,0,0,0,1
100264,46575,0,0,0,0,0,1
100264,4684,0,0,0,0,0,1
100264,46879,0,0,0,0,0,1
100264,4688,0,0,0,0,0,1
100264,46880,0,0,0,0,0,1
100264,46885,0,0,0,0,0,1
100264,46990,0,0,0,0,0,1
100264,47144,0,0,0,0,0,1
100264,47168,0,0,0,0,0,1
100264,4718,0,0,0,0,0,1
100264,47289,0,0,0,0,0,1
100264,47291,0,0,0,0,0,1
100264,47311,0,0,0,0,0,1
100264,47347,0,0,0,0,0,1
100264,4751,0,0,0,0,0,1
100264,47534,0,0,0,0,0,1
100264,4756,0,0,0,0,0,1
100264,47625,0,0,0,0,0,1
100264,47656,0,0,0,0,0,1
100264,4767,0,0,0,1,0,1
100264,4768,0,0,0,0,0,1
100264,4769,0,0,0,0,0,1
100264,47725,0,0,0,1,1,1
100264,47898,0,0,0,0,0,1
100264,4791,0,0,0,0,0,1
100264,47959,0,0,0,0,0,1
100264,47963,0,0,0,0,0,1
100264,47974,0,0,0,0,0,1
100264,48041,0,0,0,0,0,1
100264,48198,0,0,0,0,0,1
100264,48202,0,0,0,0,0,1
100264,48225,0,0,0,0,0,1
